rxaui,aui,str,archive_timestamp,created_timestamp,updated_timestamp,code,is_brand,lat,last_released,saui,vsab,rxcui,sab,tty,merged_to_rxcui,column_17
947,A10335796,Mesna,27-APR-2020 00:00:00,10-MAR-2005 00:00:00,27-APR-2020 00:00:00,44,,ENG,06-APR-2020 00:00:00,,RXNORM_19AB_200406F,44,RXNORM,IN,44,
1424,A10334758,beta-Alanine,27-APR-2020 00:00:00,10-MAR-2005 00:00:00,27-APR-2020 00:00:00,61,,ENG,06-APR-2020 00:00:00,,RXNORM_19AB_200406F,61,RXNORM,IN,61,
1684,A10334529,4-Aminobenzoic Acid,27-APR-2020 00:00:00,10-MAR-2005 00:00:00,27-APR-2020 00:00:00,74,,ENG,06-APR-2020 00:00:00,,RXNORM_19AB_200406F,74,RXNORM,IN,74,
2192,A16791816,Eicosapentaenoic Acid,27-APR-2020 00:00:00,10-MAR-2005 00:00:00,27-APR-2020 00:00:00,90,,ENG,06-APR-2020 00:00:00,,RXNORM_19AB_200406F,90,RXNORM,PIN,90,
2265,A10334531,5-Hydroxytryptophan,27-APR-2020 00:00:00,10-MAR-2005 00:00:00,06-NOV-2020 00:00:00,94,,ENG,06-APR-2020 00:00:00,,RXNORM_19AB_200406F,94,RXNORM,IN,94,
2311,A16793037,Ticlopidine Hydrochloride,27-APR-2020 00:00:00,10-MAR-2005 00:00:00,27-APR-2020 00:00:00,97,,ENG,06-APR-2020 00:00:00,,RXNORM_19AB_200406F,97,RXNORM,PIN,97,
2332,A10334533,6-Aminocaproic Acid,27-APR-2020 00:00:00,10-MAR-2005 00:00:00,27-APR-2020 00:00:00,99,,ENG,06-APR-2020 00:00:00,,RXNORM_19AB_200406F,99,RXNORM,IN,99,
2453,A10334534,6-Mercaptopurine,21-OCT-2010 00:00:00,10-MAR-2005 00:00:00,21-OCT-2010 00:00:00,103,,ENG,04-OCT-2010 00:00:00,,RXNORM_10AA_101004F,103,RXNORM,IN,103,
2663,A10336065,Oxyquinoline,27-APR-2020 00:00:00,10-MAR-2005 00:00:00,27-APR-2020 00:00:00,110,,ENG,06-APR-2020 00:00:00,,RXNORM_19AB_200406F,110,RXNORM,IN,110,
4330,A10334539,Acebutolol,27-APR-2020 00:00:00,10-MAR-2005 00:00:00,27-APR-2020 00:00:00,149,,ENG,06-APR-2020 00:00:00,,RXNORM_19AB_200406F,149,RXNORM,IN,149,
4414,A10334540,Acenocoumarol,27-APR-2020 00:00:00,10-MAR-2005 00:00:00,27-APR-2020 00:00:00,154,,ENG,06-APR-2020 00:00:00,,RXNORM_19AB_200406F,154,RXNORM,IN,154,
4458,A10334542,Acepromazine,27-APR-2020 00:00:00,10-MAR-2005 00:00:00,27-APR-2020 00:00:00,155,,ENG,06-APR-2020 00:00:00,,RXNORM_19AB_200406F,155,RXNORM,IN,155,
4565,A10334544,Acetanilide,15-NOV-2006 00:00:00,10-MAR-2005 00:00:00,15-NOV-2006 00:00:00,162,,ENG,,,RXNORM_06AC_061012F,162,RXNORM,IN,162,
4655,A10334545,Acetazolamide,27-APR-2020 00:00:00,10-MAR-2005 00:00:00,27-APR-2020 00:00:00,167,,ENG,06-APR-2020 00:00:00,,RXNORM_19AB_200406F,167,RXNORM,IN,167,
4714,A10338597,Acetic Acid,27-APR-2020 00:00:00,10-MAR-2005 00:00:00,27-APR-2020 00:00:00,168,,ENG,06-APR-2020 00:00:00,,RXNORM_19AB_200406F,168,RXNORM,IN,168,
4855,A10334546,Acetohexamide,27-APR-2020 00:00:00,10-MAR-2005 00:00:00,27-APR-2020 00:00:00,173,,ENG,06-APR-2020 00:00:00,,RXNORM_19AB_200406F,173,RXNORM,IN,173,
4998,A10334547,Acetone,27-APR-2020 00:00:00,10-MAR-2005 00:00:00,27-APR-2020 00:00:00,178,,ENG,06-APR-2020 00:00:00,,RXNORM_19AB_200406F,178,RXNORM,IN,178,
5411,A10334548,Acetylcarnitine,27-APR-2020 00:00:00,10-MAR-2005 00:00:00,27-APR-2020 00:00:00,193,,ENG,06-APR-2020 00:00:00,,RXNORM_19AB_200406F,193,RXNORM,IN,193,
5433,A10334549,Acetylcholine,27-APR-2020 00:00:00,10-MAR-2005 00:00:00,27-APR-2020 00:00:00,194,,ENG,06-APR-2020 00:00:00,,RXNORM_19AB_200406F,194,RXNORM,IN,194,
5475,A10334550,Acetylcysteine,27-APR-2020 00:00:00,10-MAR-2005 00:00:00,27-APR-2020 00:00:00,197,,ENG,06-APR-2020 00:00:00,,RXNORM_19AB_200406F,197,RXNORM,IN,197,
5588,A10334552,Acetyldigoxins,27-APR-2020 00:00:00,10-MAR-2005 00:00:00,27-APR-2020 00:00:00,199,,ENG,06-APR-2020 00:00:00,,RXNORM_19AB_200406F,199,RXNORM,IN,199,
5608,A10334553,Acetylene,27-APR-2020 00:00:00,10-MAR-2005 00:00:00,27-APR-2020 00:00:00,200,,ENG,06-APR-2020 00:00:00,,RXNORM_19AB_200406F,200,RXNORM,IN,200,
6433,A10334556,Acidulated Phosphate Fluoride,27-APR-2020 00:00:00,10-MAR-2005 00:00:00,27-APR-2020 00:00:00,236,,ENG,06-APR-2020 00:00:00,,RXNORM_19AB_200406F,236,RXNORM,IN,236,
6506,A10334557,Aclarubicin,27-APR-2020 00:00:00,10-MAR-2005 00:00:00,27-APR-2020 00:00:00,239,,ENG,06-APR-2020 00:00:00,,RXNORM_19AB_200406F,239,RXNORM,IN,239,
6658,A10334558,Aconite,27-APR-2020 00:00:00,10-MAR-2005 00:00:00,27-APR-2020 00:00:00,242,,ENG,06-APR-2020 00:00:00,,RXNORM_19AB_200406F,242,RXNORM,IN,242,
7012,A10334559,Acriflavine,27-APR-2020 00:00:00,10-MAR-2005 00:00:00,27-APR-2020 00:00:00,249,,ENG,06-APR-2020 00:00:00,,RXNORM_19AB_200406F,249,RXNORM,IN,249,
7746,A10336460,Spectinomycin,27-APR-2020 00:00:00,10-MAR-2005 00:00:00,27-APR-2020 00:00:00,270,,ENG,06-APR-2020 00:00:00,,RXNORM_19AB_200406F,270,RXNORM,IN,270,
7824,A10334562,Activated Charcoal,27-APR-2020 00:00:00,10-MAR-2005 00:00:00,27-APR-2020 00:00:00,272,,ENG,06-APR-2020 00:00:00,,RXNORM_19AB_200406F,272,RXNORM,IN,272,
8011,A10334564,Acyclovir,27-APR-2020 00:00:00,10-MAR-2005 00:00:00,27-APR-2020 00:00:00,281,,ENG,06-APR-2020 00:00:00,,RXNORM_19AB_200406F,281,RXNORM,IN,281,
8416,A10334566,Adenine,27-APR-2020 00:00:00,10-MAR-2005 00:00:00,27-APR-2020 00:00:00,290,,ENG,06-APR-2020 00:00:00,,RXNORM_19AB_200406F,290,RXNORM,IN,290,
8490,A10334567,Adenine Nucleotides,11-OCT-2006 00:00:00,10-MAR-2005 00:00:00,11-OCT-2006 00:00:00,292,,ENG,,,RXNORM_06AC_060901F,292,RXNORM,IN,292,
8755,A10334568,Adenosine,27-APR-2020 00:00:00,10-MAR-2005 00:00:00,27-APR-2020 00:00:00,296,,ENG,06-APR-2020 00:00:00,,RXNORM_19AB_200406F,296,RXNORM,IN,296,
9557,A10334570,Adenosine Triphosphate,27-APR-2020 00:00:00,10-MAR-2005 00:00:00,27-APR-2020 00:00:00,318,,ENG,06-APR-2020 00:00:00,,RXNORM_19AB_200406F,318,RXNORM,IN,318,
11372,A10334573,Adrenaline Hydrochloride,31-MAR-2009 00:00:00,10-MAR-2005 00:00:00,31-MAR-2009 00:00:00,362,,ENG,02-MAR-2009 00:00:00,,RXNORM_08AB_090302F,362,RXNORM,IN,362,
11992,A10335040,Corticotropin,27-APR-2020 00:00:00,10-MAR-2005 00:00:00,27-APR-2020 00:00:00,376,,ENG,06-APR-2020 00:00:00,,RXNORM_19AB_200406F,376,RXNORM,IN,376,
12271,A16789318,Polymyxin B Sulfate,27-APR-2020 00:00:00,10-MAR-2005 00:00:00,27-APR-2020 00:00:00,388,,ENG,06-APR-2020 00:00:00,,RXNORM_19AB_200406F,388,RXNORM,PIN,388,
12646,A10334578,Agar,27-APR-2020 00:00:00,10-MAR-2005 00:00:00,27-APR-2020 00:00:00,397,,ENG,06-APR-2020 00:00:00,,RXNORM_19AB_200406F,397,RXNORM,IN,397,
13284,A10334579,Air,27-APR-2020 00:00:00,10-MAR-2005 00:00:00,27-APR-2020 00:00:00,411,,ENG,06-APR-2020 00:00:00,,RXNORM_19AB_200406F,411,RXNORM,IN,411,
13553,A10334580,Ajmaline,27-APR-2020 00:00:00,10-MAR-2005 00:00:00,27-APR-2020 00:00:00,423,,ENG,06-APR-2020 00:00:00,,RXNORM_19AB_200406F,423,RXNORM,IN,423,
13590,A10334582,Alanine,27-APR-2020 00:00:00,10-MAR-2005 00:00:00,27-APR-2020 00:00:00,426,,ENG,06-APR-2020 00:00:00,,RXNORM_19AB_200406F,426,RXNORM,IN,426,
13783,A10334583,Albendazole,27-APR-2020 00:00:00,10-MAR-2005 00:00:00,27-APR-2020 00:00:00,430,,ENG,06-APR-2020 00:00:00,,RXNORM_19AB_200406F,430,RXNORM,IN,430,
13875,A10334585,Albumins,07-OCT-2015 00:00:00,10-MAR-2005 00:00:00,28-SEP-2015 00:00:00,433,,ENG,05-OCT-2015 00:00:00,,RXNORM_15AA_151005F,433,RXNORM,IN,433,
13966,A10334586,Albuterol,27-APR-2020 00:00:00,10-MAR-2005 00:00:00,27-APR-2020 00:00:00,435,,ENG,06-APR-2020 00:00:00,,RXNORM_19AB_200406F,435,RXNORM,IN,435,
14642,A10335314,Ethanol,27-APR-2020 00:00:00,10-MAR-2005 00:00:00,27-APR-2020 00:00:00,448,,ENG,06-APR-2020 00:00:00,,RXNORM_19AB_200406F,448,RXNORM,IN,448,
15174,A10334587,Alcohols,07-OCT-2015 00:00:00,10-MAR-2005 00:00:00,28-SEP-2015 00:00:00,455,,ENG,05-OCT-2015 00:00:00,,RXNORM_15AA_151005F,455,RXNORM,IN,455,
15337,A10334588,Alcuronium,27-APR-2020 00:00:00,10-MAR-2005 00:00:00,27-APR-2020 00:00:00,460,,ENG,06-APR-2020 00:00:00,,RXNORM_19AB_200406F,460,RXNORM,IN,460,
15732,A0021526,Alfenta,15-MAR-2005 00:00:00,10-MAR-2005 00:00:00,30-NOV-2005 00:00:00,479,,ENG,,,RXNORM_04AC_050224F,479,RXNORM,BN,479,
15736,A2673727,Rapifen,30-NOV-2005 00:00:00,10-MAR-2005 00:00:00,30-NOV-2005 00:00:00,479,,ENG,,,RXNORM_05AB_050914F,479,RXNORM,BN,479,
15741,A10334592,Alfentanil,27-APR-2020 00:00:00,10-MAR-2005 00:00:00,27-APR-2020 00:00:00,480,,ENG,06-APR-2020 00:00:00,,RXNORM_19AB_200406F,480,RXNORM,IN,480,
16421,A10334595,Allantoin,27-APR-2020 00:00:00,10-MAR-2005 00:00:00,27-APR-2020 00:00:00,508,,ENG,06-APR-2020 00:00:00,,RXNORM_19AB_200406F,508,RXNORM,IN,508,
16634,A10334596,Allethrin,27-APR-2020 00:00:00,10-MAR-2005 00:00:00,27-APR-2020 00:00:00,513,,ENG,06-APR-2020 00:00:00,,RXNORM_19AB_200406F,513,RXNORM,IN,513,
16710,A10334597,Allopurinol,27-APR-2020 00:00:00,10-MAR-2005 00:00:00,27-APR-2020 00:00:00,519,,ENG,06-APR-2020 00:00:00,,RXNORM_19AB_200406F,519,RXNORM,IN,519,
16893,A10334598,Allylestrenol,27-APR-2020 00:00:00,10-MAR-2005 00:00:00,27-APR-2020 00:00:00,525,,ENG,06-APR-2020 00:00:00,,RXNORM_19AB_200406F,525,RXNORM,IN,525,
16963,A10334599,Almitrine,27-APR-2020 00:00:00,10-MAR-2005 00:00:00,27-APR-2020 00:00:00,528,,ENG,06-APR-2020 00:00:00,,RXNORM_19AB_200406F,528,RXNORM,IN,528,
16979,A5064377,Almitrine Bismesylate,26-JUL-2005 00:00:00,10-MAR-2005 00:00:00,27-APR-2020 00:00:00,529,,ENG,,,RXNORM_05AA_050617F,529,RXNORM,IN,529,
17218,A10334601,alpha 1-Antitrypsin,27-APR-2020 00:00:00,10-MAR-2005 00:00:00,27-APR-2020 00:00:00,535,,ENG,06-APR-2020 00:00:00,,RXNORM_19AB_200406F,535,RXNORM,IN,535,
17330,A10335577,Interferon-alpha,07-OCT-2015 00:00:00,10-MAR-2005 00:00:00,28-SEP-2015 00:00:00,541,,ENG,05-OCT-2015 00:00:00,,RXNORM_15AA_151005F,541,RXNORM,IN,541,
17672,A10360262,ALPHA-AMYLASE,24-OCT-2014 00:00:00,10-MAR-2005 00:00:00,22-APR-2015 00:00:00,560,,ENG,06-OCT-2014 00:00:00,,RXNORM_14AA_141006F,560,RXNORM,IN,560,
17748,A10335248,Eflornithine,27-APR-2020 00:00:00,10-MAR-2005 00:00:00,27-APR-2020 00:00:00,569,,ENG,06-APR-2020 00:00:00,,RXNORM_19AB_200406F,569,RXNORM,IN,569,
18003,A10334602,Alphaprodine,27-APR-2020 00:00:00,10-MAR-2005 00:00:00,27-APR-2020 00:00:00,594,,ENG,06-APR-2020 00:00:00,,RXNORM_19AB_200406F,594,RXNORM,IN,594,
18032,A10334593,Algestone,27-APR-2020 00:00:00,10-MAR-2005 00:00:00,27-APR-2020 00:00:00,595,,ENG,06-APR-2020 00:00:00,,RXNORM_19AB_200406F,595,RXNORM,IN,595,
18060,A10334603,Alprazolam,27-APR-2020 00:00:00,10-MAR-2005 00:00:00,27-APR-2020 00:00:00,596,,ENG,06-APR-2020 00:00:00,,RXNORM_19AB_200406F,596,RXNORM,IN,596,
18108,A10334604,Alprenolol,27-APR-2020 00:00:00,10-MAR-2005 00:00:00,27-APR-2020 00:00:00,597,,ENG,06-APR-2020 00:00:00,,RXNORM_19AB_200406F,597,RXNORM,IN,597,
18140,A10334605,Alprostadil,27-APR-2020 00:00:00,10-MAR-2005 00:00:00,27-APR-2020 00:00:00,598,,ENG,06-APR-2020 00:00:00,,RXNORM_19AB_200406F,598,RXNORM,IN,598,
18255,A10334607,Alseroxylon,27-APR-2020 00:00:00,10-MAR-2005 00:00:00,27-APR-2020 00:00:00,599,,ENG,06-APR-2020 00:00:00,,RXNORM_19AB_200406F,599,RXNORM,IN,599,
18519,A10334474,Aluminum aspirin,27-APR-2020 00:00:00,10-MAR-2005 00:00:00,27-APR-2020 00:00:00,611,,ENG,06-APR-2020 00:00:00,,RXNORM_19AB_200406F,611,RXNORM,IN,611,
18532,A10334610,Aluminum Hydroxide,27-APR-2020 00:00:00,10-MAR-2005 00:00:00,27-APR-2020 00:00:00,612,,ENG,06-APR-2020 00:00:00,,RXNORM_19AB_200406F,612,RXNORM,IN,612,
18667,A16796726,Aluminum Hydroxide Gel,27-APR-2020 00:00:00,10-MAR-2005 00:00:00,27-APR-2020 00:00:00,613,,ENG,06-APR-2020 00:00:00,,RXNORM_19AB_200406F,613,RXNORM,PIN,613,
18680,A10334612,Aluminum Oxide,27-APR-2020 00:00:00,10-MAR-2005 00:00:00,27-APR-2020 00:00:00,615,,ENG,06-APR-2020 00:00:00,,RXNORM_19AB_200406F,615,RXNORM,IN,615,
18986,A16791817,Amantadine Sulfate,27-APR-2020 00:00:00,10-MAR-2005 00:00:00,27-APR-2020 00:00:00,621,,ENG,06-APR-2020 00:00:00,,RXNORM_19AB_200406F,621,RXNORM,PIN,621,
19033,A10334467,Ambenonium,27-APR-2020 00:00:00,10-MAR-2005 00:00:00,27-APR-2020 00:00:00,623,,ENG,06-APR-2020 00:00:00,,RXNORM_19AB_200406F,623,RXNORM,IN,623,
19038,A1665861,AMBENONIUM,15-MAR-2005 00:00:00,10-MAR-2005 00:00:00,27-APR-2020 00:00:00,623,,ENG,,,RXNORM_04AC_050224F,623,RXNORM,IN,623,
19050,A16788026,Ambenonium Chloride,27-APR-2020 00:00:00,10-MAR-2005 00:00:00,27-APR-2020 00:00:00,624,,ENG,06-APR-2020 00:00:00,,RXNORM_19AB_200406F,624,RXNORM,PIN,624,
19082,A10334617,Ambroxol,27-APR-2020 00:00:00,10-MAR-2005 00:00:00,27-APR-2020 00:00:00,625,,ENG,06-APR-2020 00:00:00,,RXNORM_19AB_200406F,625,RXNORM,IN,625,
19153,A10334618,Amdinocillin,27-APR-2020 00:00:00,10-MAR-2005 00:00:00,27-APR-2020 00:00:00,626,,ENG,06-APR-2020 00:00:00,,RXNORM_19AB_200406F,626,RXNORM,IN,626,
19193,A10334619,Amdinocillin Pivoxil,27-APR-2020 00:00:00,10-MAR-2005 00:00:00,27-APR-2020 00:00:00,627,,ENG,06-APR-2020 00:00:00,,RXNORM_19AB_200406F,627,RXNORM,IN,627,
19532,A10335880,Mitomycin,27-APR-2020 00:00:00,10-MAR-2005 00:00:00,27-APR-2020 00:00:00,632,,ENG,06-APR-2020 00:00:00,,RXNORM_19AB_200406F,632,RXNORM,IN,632,
19755,A10334482,Amikacin,27-APR-2020 00:00:00,10-MAR-2005 00:00:00,27-APR-2020 00:00:00,641,,ENG,06-APR-2020 00:00:00,,RXNORM_19AB_200406F,641,RXNORM,IN,641,
19817,A10334624,Amiloride,27-APR-2020 00:00:00,10-MAR-2005 00:00:00,27-APR-2020 00:00:00,644,,ENG,06-APR-2020 00:00:00,,RXNORM_19AB_200406F,644,RXNORM,IN,644,
19854,A10334625,Aminacrine,27-APR-2020 00:00:00,10-MAR-2005 00:00:00,27-APR-2020 00:00:00,645,,ENG,06-APR-2020 00:00:00,,RXNORM_19AB_200406F,645,RXNORM,IN,645,
20247,A10334626,Amino Acids,17-MAR-2017 00:00:00,10-MAR-2005 00:00:00,02-MAR-2017 00:00:00,658,,ENG,06-MAR-2017 00:00:00,,RXNORM_16AB_170306F,658,RXNORM,IN,658,
20734,A10334628,Aminoglutethimide,27-APR-2020 00:00:00,10-MAR-2005 00:00:00,27-APR-2020 00:00:00,677,,ENG,06-APR-2020 00:00:00,,RXNORM_19AB_200406F,677,RXNORM,IN,677,
20867,A10334629,Aminolevulinic Acid,27-APR-2020 00:00:00,10-MAR-2005 00:00:00,27-APR-2020 00:00:00,683,,ENG,06-APR-2020 00:00:00,,RXNORM_19AB_200406F,683,RXNORM,IN,683,
21101,A10334483,Aminophylline,27-APR-2020 00:00:00,10-MAR-2005 00:00:00,27-APR-2020 00:00:00,689,,ENG,06-APR-2020 00:00:00,,RXNORM_19AB_200406F,689,RXNORM,IN,689,
21218,A10334630,Aminopyrine,27-APR-2020 00:00:00,10-MAR-2005 00:00:00,27-APR-2020 00:00:00,695,,ENG,06-APR-2020 00:00:00,,RXNORM_19AB_200406F,695,RXNORM,IN,695,
21313,A10334631,Aminosalicylic Acid,31-MAR-2009 00:00:00,10-MAR-2005 00:00:00,31-MAR-2009 00:00:00,7833,,ENG,02-MAR-2009 00:00:00,,RXNORM_08AB_090302F,699,RXNORM,IN,7833,
21396,A10334632,Amiodarone,27-APR-2020 00:00:00,10-MAR-2005 00:00:00,27-APR-2020 00:00:00,703,,ENG,06-APR-2020 00:00:00,,RXNORM_19AB_200406F,703,RXNORM,IN,703,
21431,A10334484,Amitriptyline,27-APR-2020 00:00:00,10-MAR-2005 00:00:00,27-APR-2020 00:00:00,704,,ENG,06-APR-2020 00:00:00,,RXNORM_19AB_200406F,704,RXNORM,IN,704,
21565,A10334634,Ammonium,27-APR-2020 00:00:00,10-MAR-2005 00:00:00,27-APR-2020 00:00:00,709,,ENG,06-APR-2020 00:00:00,,RXNORM_19AB_200406F,709,RXNORM,IN,709,
21589,A10334635,Ammonium Chloride,27-APR-2020 00:00:00,10-MAR-2005 00:00:00,27-APR-2020 00:00:00,712,,ENG,06-APR-2020 00:00:00,,RXNORM_19AB_200406F,712,RXNORM,IN,712,
21751,A10334637,Amodiaquine,27-APR-2020 00:00:00,10-MAR-2005 00:00:00,27-APR-2020 00:00:00,720,,ENG,06-APR-2020 00:00:00,,RXNORM_19AB_200406F,720,RXNORM,IN,720,
21816,A10334638,Amoxapine,27-APR-2020 00:00:00,10-MAR-2005 00:00:00,27-APR-2020 00:00:00,722,,ENG,06-APR-2020 00:00:00,,RXNORM_19AB_200406F,722,RXNORM,IN,722,
21855,A10334639,Amoxicillin,27-APR-2020 00:00:00,10-MAR-2005 00:00:00,27-APR-2020 00:00:00,723,,ENG,06-APR-2020 00:00:00,,RXNORM_19AB_200406F,723,RXNORM,IN,723,
22004,A10334641,Amphetamine,27-APR-2020 00:00:00,10-MAR-2005 00:00:00,27-APR-2020 00:00:00,725,,ENG,06-APR-2020 00:00:00,,RXNORM_19AB_200406F,725,RXNORM,IN,725,
22213,A10334644,Amphotericin B,27-APR-2020 00:00:00,10-MAR-2005 00:00:00,27-APR-2020 00:00:00,732,,ENG,06-APR-2020 00:00:00,,RXNORM_19AB_200406F,732,RXNORM,IN,732,
22245,A10334645,Ampicillin,27-APR-2020 00:00:00,10-MAR-2005 00:00:00,27-APR-2020 00:00:00,733,,ENG,06-APR-2020 00:00:00,,RXNORM_19AB_200406F,733,RXNORM,IN,733,
22345,A10334647,Amsacrine,27-APR-2020 00:00:00,10-MAR-2005 00:00:00,27-APR-2020 00:00:00,739,,ENG,06-APR-2020 00:00:00,,RXNORM_19AB_200406F,739,RXNORM,IN,739,
22438,A10334650,Amyl Nitrite,27-APR-2020 00:00:00,10-MAR-2005 00:00:00,27-APR-2020 00:00:00,742,,ENG,06-APR-2020 00:00:00,,RXNORM_19AB_200406F,742,RXNORM,IN,742,
22477,A10334651,Amylases,27-APR-2020 00:00:00,10-MAR-2005 00:00:00,27-APR-2020 00:00:00,743,,ENG,06-APR-2020 00:00:00,,RXNORM_19AB_200406F,743,RXNORM,IN,743,
23353,A10334659,Ancrod,27-APR-2020 00:00:00,10-MAR-2005 00:00:00,27-APR-2020 00:00:00,772,,ENG,06-APR-2020 00:00:00,,RXNORM_19AB_200406F,772,RXNORM,IN,772,
23547,A10334662,Androstenedione,27-APR-2020 00:00:00,10-MAR-2005 00:00:00,27-APR-2020 00:00:00,784,,ENG,06-APR-2020 00:00:00,,RXNORM_19AB_200406F,784,RXNORM,IN,784,
26032,A10334664,Anethole Trithione,27-APR-2020 00:00:00,10-MAR-2005 00:00:00,27-APR-2020 00:00:00,820,,ENG,06-APR-2020 00:00:00,,RXNORM_19AB_200406F,820,RXNORM,IN,820,
28180,A10334667,Antazoline,27-APR-2020 00:00:00,10-MAR-2005 00:00:00,27-APR-2020 00:00:00,865,,ENG,06-APR-2020 00:00:00,,RXNORM_19AB_200406F,865,RXNORM,IN,865,
28220,A16791818,Antazoline Phosphate,27-APR-2020 00:00:00,10-MAR-2005 00:00:00,27-APR-2020 00:00:00,866,,ENG,06-APR-2020 00:00:00,,RXNORM_19AB_200406F,866,RXNORM,PIN,866,
28341,A10334670,Anthralin,27-APR-2020 00:00:00,10-MAR-2005 00:00:00,27-APR-2020 00:00:00,873,,ENG,06-APR-2020 00:00:00,,RXNORM_19AB_200406F,873,RXNORM,IN,873,
30321,A10334671,Antifungal Agents,11-APR-2016 00:00:00,10-MAR-2005 00:00:00,11-APR-2016 00:00:00,938,,ENG,04-APR-2016 00:00:00,,RXNORM_15AB_160404F,938,RXNORM,BN,938,
31523,A10334672,Antilymphocyte Immunoglobulin,27-APR-2020 00:00:00,10-MAR-2005 00:00:00,27-APR-2020 00:00:00,973,,ENG,06-APR-2020 00:00:00,,RXNORM_19AB_200406F,973,RXNORM,IN,973,
31719,A10334674,Antimony Potassium Tartrate,27-APR-2020 00:00:00,10-MAR-2005 00:00:00,27-APR-2020 00:00:00,981,,ENG,06-APR-2020 00:00:00,,RXNORM_19AB_200406F,981,RXNORM,IN,981,
32283,A10334675,Antipyrine,27-APR-2020 00:00:00,10-MAR-2005 00:00:00,27-APR-2020 00:00:00,1001,,ENG,06-APR-2020 00:00:00,,RXNORM_19AB_200406F,1001,RXNORM,IN,1001,
32402,A10334676,Antithrombin III,27-APR-2020 00:00:00,10-MAR-2005 00:00:00,27-APR-2020 00:00:00,1009,,ENG,06-APR-2020 00:00:00,,RXNORM_19AB_200406F,1009,RXNORM,IN,1009,
32495,A0025318,Antithymoglobulin,15-MAR-2005 00:00:00,10-MAR-2005 00:00:00,27-APR-2020 00:00:00,1011,,ENG,,,RXNORM_04AC_050224F,1011,RXNORM,IN,1011,
33384,A10334679,Apazone,27-APR-2020 00:00:00,10-MAR-2005 00:00:00,06-NOV-2020 00:00:00,1029,,ENG,06-APR-2020 00:00:00,,RXNORM_19AB_200406F,1029,RXNORM,IN,1029,
33806,A10334680,Apomorphine,27-APR-2020 00:00:00,10-MAR-2005 00:00:00,27-APR-2020 00:00:00,1043,,ENG,06-APR-2020 00:00:00,,RXNORM_19AB_200406F,1043,RXNORM,IN,1043,
34059,A10334682,Aprindine,27-APR-2020 00:00:00,10-MAR-2005 00:00:00,27-APR-2020 00:00:00,1054,,ENG,06-APR-2020 00:00:00,,RXNORM_19AB_200406F,1054,RXNORM,IN,1054,
34102,A10334683,Aprotinin,27-APR-2020 00:00:00,10-MAR-2005 00:00:00,27-APR-2020 00:00:00,1056,,ENG,06-APR-2020 00:00:00,,RXNORM_19AB_200406F,1056,RXNORM,IN,1056,
35043,A10334687,Arginine,27-APR-2020 00:00:00,10-MAR-2005 00:00:00,27-APR-2020 00:00:00,1091,,ENG,06-APR-2020 00:00:00,,RXNORM_19AB_200406F,1091,RXNORM,IN,1091,
35225,A10334688,Argipressin,27-APR-2020 00:00:00,10-MAR-2005 00:00:00,27-APR-2020 00:00:00,1098,,ENG,06-APR-2020 00:00:00,,RXNORM_19AB_200406F,1098,RXNORM,IN,1098,
35732,A10334690,Arsenic,27-APR-2020 00:00:00,10-MAR-2005 00:00:00,27-APR-2020 00:00:00,1111,,ENG,06-APR-2020 00:00:00,,RXNORM_19AB_200406F,1111,RXNORM,IN,1111,
35832,A16791819,Trihexyphenidyl Hydrochloride,27-APR-2020 00:00:00,10-MAR-2005 00:00:00,27-APR-2020 00:00:00,1115,,ENG,06-APR-2020 00:00:00,,RXNORM_19AB_200406F,1115,RXNORM,PIN,1115,
37222,A10334693,Ascorbic Acid,27-APR-2020 00:00:00,10-MAR-2005 00:00:00,27-APR-2020 00:00:00,1151,,ENG,06-APR-2020 00:00:00,,RXNORM_19AB_200406F,1151,RXNORM,IN,1151,
37428,A10360421,ASPARAGINASE,27-APR-2020 00:00:00,10-MAR-2005 00:00:00,27-APR-2020 00:00:00,1156,,ENG,06-APR-2020 00:00:00,,RXNORM_19AB_200406F,1156,RXNORM,IN,1156,
37431,A0026961,Asparaginase,15-MAR-2005 00:00:00,10-MAR-2005 00:00:00,27-APR-2020 00:00:00,1156,,ENG,,,RXNORM_04AC_050224F,1156,RXNORM,IN,1156,
37785,A10334697,Aspartic Acid,27-APR-2020 00:00:00,10-MAR-2005 00:00:00,27-APR-2020 00:00:00,1169,,ENG,06-APR-2020 00:00:00,,RXNORM_19AB_200406F,1169,RXNORM,IN,1169,
38593,A10334699,Aspirin,27-APR-2020 00:00:00,10-MAR-2005 00:00:00,27-APR-2020 00:00:00,1191,,ENG,06-APR-2020 00:00:00,,RXNORM_19AB_200406F,1191,RXNORM,IN,1191,
39397,A10334706,Atracurium,27-APR-2020 00:00:00,10-MAR-2005 00:00:00,27-APR-2020 00:00:00,1218,,ENG,06-APR-2020 00:00:00,,RXNORM_19AB_200406F,1218,RXNORM,IN,1218,
39432,A0027648,Atracurium Dibesylate,26-JUL-2005 00:00:00,10-MAR-2005 00:00:00,27-APR-2020 00:00:00,1219,,ENG,,,RXNORM_05AA_050617F,1219,RXNORM,IN,1219,
39655,A10334709,Atropine,27-APR-2020 00:00:00,10-MAR-2005 00:00:00,27-APR-2020 00:00:00,1223,,ENG,06-APR-2020 00:00:00,,RXNORM_19AB_200406F,1223,RXNORM,IN,1223,
39714,A16794277,Hyoscyamine Sulfate,27-APR-2020 00:00:00,10-MAR-2005 00:00:00,27-APR-2020 00:00:00,1225,,ENG,06-APR-2020 00:00:00,,RXNORM_19AB_200406F,1225,RXNORM,PIN,1225,
39725,A2027895,"Atropine Sulfate, 3(S)-endo-Isomer",15-MAR-2005 00:00:00,10-MAR-2005 00:00:00,27-APR-2020 00:00:00,1225,,ENG,,,RXNORM_04AC_050224F,1225,RXNORM,IN,1225,
39748,A10334712,Auranofin,27-APR-2020 00:00:00,10-MAR-2005 00:00:00,27-APR-2020 00:00:00,1227,,ENG,06-APR-2020 00:00:00,,RXNORM_19AB_200406F,1227,RXNORM,IN,1227,
40511,A10334719,Azathioprine,27-APR-2020 00:00:00,10-MAR-2005 00:00:00,27-APR-2020 00:00:00,1256,,ENG,06-APR-2020 00:00:00,,RXNORM_19AB_200406F,1256,RXNORM,IN,1256,
41324,A10334724,Bacitracin,27-APR-2020 00:00:00,10-MAR-2005 00:00:00,27-APR-2020 00:00:00,1291,,ENG,06-APR-2020 00:00:00,,RXNORM_19AB_200406F,1291,RXNORM,IN,1291,
41362,A10334725,Baclofen,27-APR-2020 00:00:00,10-MAR-2005 00:00:00,27-APR-2020 00:00:00,1292,,ENG,06-APR-2020 00:00:00,,RXNORM_19AB_200406F,1292,RXNORM,IN,1292,
42471,A10334728,Barbital,27-APR-2020 00:00:00,10-MAR-2005 00:00:00,27-APR-2020 00:00:00,1325,,ENG,06-APR-2020 00:00:00,,RXNORM_19AB_200406F,1325,RXNORM,IN,1325,
42647,A10334729,Barium Sulfate,27-APR-2020 00:00:00,10-MAR-2005 00:00:00,27-APR-2020 00:00:00,1331,,ENG,06-APR-2020 00:00:00,,RXNORM_19AB_200406F,1331,RXNORM,IN,1331,
43186,A10334730,BCG Vaccine,12-APR-2019 00:00:00,10-MAR-2005 00:00:00,27-MAR-2019 00:00:00,1344,,ENG,01-APR-2019 00:00:00,,RXNORM_18AB_190401F,1344,RXNORM,IN,1344,
43370,A10334731,Beclomethasone,27-APR-2020 00:00:00,10-MAR-2005 00:00:00,27-APR-2020 00:00:00,1347,,ENG,06-APR-2020 00:00:00,,RXNORM_19AB_200406F,1347,RXNORM,IN,1347,
43731,A10334733,Belladonna Alkaloids,27-APR-2020 00:00:00,10-MAR-2005 00:00:00,27-APR-2020 00:00:00,1359,,ENG,06-APR-2020 00:00:00,,RXNORM_19AB_200406F,1359,RXNORM,IN,1359,
43793,A10334734,Benactyzine,27-APR-2020 00:00:00,10-MAR-2005 00:00:00,27-APR-2020 00:00:00,1361,,ENG,06-APR-2020 00:00:00,,RXNORM_19AB_200406F,1361,RXNORM,IN,1361,
43819,A16791820,Diphenhydramine Hydrochloride,27-APR-2020 00:00:00,10-MAR-2005 00:00:00,27-APR-2020 00:00:00,1362,,ENG,06-APR-2020 00:00:00,,RXNORM_19AB_200406F,1362,RXNORM,PIN,1362,
43930,A10334736,Bencyclane,27-APR-2020 00:00:00,10-MAR-2005 00:00:00,27-APR-2020 00:00:00,1367,,ENG,06-APR-2020 00:00:00,,RXNORM_19AB_200406F,1367,RXNORM,IN,1367,
43948,A10334738,Bendroflumethiazide,27-APR-2020 00:00:00,10-MAR-2005 00:00:00,27-APR-2020 00:00:00,1369,,ENG,06-APR-2020 00:00:00,,RXNORM_19AB_200406F,1369,RXNORM,IN,1369,
44062,A10334741,Benperidol,27-APR-2020 00:00:00,10-MAR-2005 00:00:00,27-APR-2020 00:00:00,1373,,ENG,06-APR-2020 00:00:00,,RXNORM_19AB_200406F,1373,RXNORM,IN,1373,
44087,A10334742,Benserazide,27-APR-2020 00:00:00,10-MAR-2005 00:00:00,27-APR-2020 00:00:00,1374,,ENG,06-APR-2020 00:00:00,,RXNORM_19AB_200406F,1374,RXNORM,IN,1374,
44134,A10334743,Bentonite,27-APR-2020 00:00:00,10-MAR-2005 00:00:00,27-APR-2020 00:00:00,1375,,ENG,06-APR-2020 00:00:00,,RXNORM_19AB_200406F,1375,RXNORM,IN,1375,
44192,A10334746,Benzalkonium,27-APR-2020 00:00:00,10-MAR-2005 00:00:00,27-APR-2020 00:00:00,1378,,ENG,06-APR-2020 00:00:00,,RXNORM_19AB_200406F,1378,RXNORM,IN,1378,
44213,A16790566,Benzalkonium Chloride,27-APR-2020 00:00:00,10-MAR-2005 00:00:00,27-APR-2020 00:00:00,1379,,ENG,06-APR-2020 00:00:00,,RXNORM_19AB_200406F,1379,RXNORM,PIN,1379,
44365,A10335695,Lindane,27-APR-2020 00:00:00,10-MAR-2005 00:00:00,27-APR-2020 00:00:00,1388,,ENG,06-APR-2020 00:00:00,,RXNORM_19AB_200406F,1388,RXNORM,IN,1388,
44455,A10334749,Benzethonium,27-APR-2020 00:00:00,10-MAR-2005 00:00:00,27-APR-2020 00:00:00,1390,,ENG,06-APR-2020 00:00:00,,RXNORM_19AB_200406F,1390,RXNORM,IN,1390,
44624,A10334751,Benzocaine,27-APR-2020 00:00:00,10-MAR-2005 00:00:00,27-APR-2020 00:00:00,1399,,ENG,06-APR-2020 00:00:00,,RXNORM_19AB_200406F,1399,RXNORM,IN,1399,
44790,A10334752,Benzoin,25-OCT-2016 00:00:00,10-MAR-2005 00:00:00,19-APR-2017 00:00:00,1406,,ENG,03-OCT-2016 00:00:00,,RXNORM_16AA_161003F,1406,RXNORM,IN,1406,
44943,A10334753,Benzoyl Peroxide,27-APR-2020 00:00:00,10-MAR-2005 00:00:00,27-APR-2020 00:00:00,1418,,ENG,06-APR-2020 00:00:00,,RXNORM_19AB_200406F,1418,RXNORM,IN,1418,
45063,A10334754,Benzphetamine,27-APR-2020 00:00:00,10-MAR-2005 00:00:00,27-APR-2020 00:00:00,1422,,ENG,06-APR-2020 00:00:00,,RXNORM_19AB_200406F,1422,RXNORM,IN,1422,
45104,A10334755,Benztropine,27-APR-2020 00:00:00,10-MAR-2005 00:00:00,27-APR-2020 00:00:00,1424,,ENG,06-APR-2020 00:00:00,,RXNORM_19AB_200406F,1424,RXNORM,IN,1424,
45144,A10334756,Benzydamine,27-APR-2020 00:00:00,10-MAR-2005 00:00:00,27-APR-2020 00:00:00,1425,,ENG,06-APR-2020 00:00:00,,RXNORM_19AB_200406F,1425,RXNORM,IN,1425,
45172,A10339527,Benzyl Alcohol,27-APR-2020 00:00:00,10-MAR-2005 00:00:00,27-APR-2020 00:00:00,1426,,ENG,06-APR-2020 00:00:00,,RXNORM_19AB_200406F,1426,RXNORM,IN,1426,
45337,A10334757,Bepridil,27-APR-2020 00:00:00,10-MAR-2005 00:00:00,27-APR-2020 00:00:00,1436,,ENG,06-APR-2020 00:00:00,,RXNORM_19AB_200406F,1436,RXNORM,IN,1436,
45909,A10334759,beta-Escin,27-APR-2020 00:00:00,10-MAR-2005 00:00:00,27-APR-2020 00:00:00,1476,,ENG,06-APR-2020 00:00:00,,RXNORM_19AB_200406F,1476,RXNORM,IN,1476,
46386,A10360730,BETAHISTINE,27-APR-2020 00:00:00,10-MAR-2005 00:00:00,27-APR-2020 00:00:00,1511,,ENG,06-APR-2020 00:00:00,,RXNORM_19AB_200406F,1511,RXNORM,IN,1511,
46411,A10334763,Betaine,27-APR-2020 00:00:00,10-MAR-2005 00:00:00,27-APR-2020 00:00:00,1512,,ENG,06-APR-2020 00:00:00,,RXNORM_19AB_200406F,1512,RXNORM,IN,1512,
46465,A10334765,Betamethasone,27-APR-2020 00:00:00,10-MAR-2005 00:00:00,27-APR-2020 00:00:00,1514,,ENG,06-APR-2020 00:00:00,,RXNORM_19AB_200406F,1514,RXNORM,IN,1514,
46549,A16788027,Betamethasone acetate,27-APR-2020 00:00:00,10-MAR-2005 00:00:00,27-APR-2020 00:00:00,1516,,ENG,06-APR-2020 00:00:00,,RXNORM_19AB_200406F,1516,RXNORM,PIN,1516,
46568,A16791821,Betamethasone benzoate,27-APR-2020 00:00:00,10-MAR-2005 00:00:00,27-APR-2020 00:00:00,1517,,ENG,06-APR-2020 00:00:00,,RXNORM_19AB_200406F,1517,RXNORM,PIN,1517,
46584,A10334766,Betaxolol,27-APR-2020 00:00:00,10-MAR-2005 00:00:00,27-APR-2020 00:00:00,1520,,ENG,06-APR-2020 00:00:00,,RXNORM_19AB_200406F,1520,RXNORM,IN,1520,
46657,A10334767,Bethanidine,27-APR-2020 00:00:00,10-MAR-2005 00:00:00,27-APR-2020 00:00:00,1523,,ENG,06-APR-2020 00:00:00,,RXNORM_19AB_200406F,1523,RXNORM,IN,1523,
46707,A10334770,Bezafibrate,27-APR-2020 00:00:00,10-MAR-2005 00:00:00,27-APR-2020 00:00:00,1525,,ENG,06-APR-2020 00:00:00,,RXNORM_19AB_200406F,1525,RXNORM,IN,1525,
46892,A0030619,Bile,15-MAR-2005 00:00:00,10-MAR-2005 00:00:00,15-MAR-2005 00:00:00,1533,,ENG,,,RXNORM_04AC_050224F,1533,RXNORM,IN,1533,
47105,A10334774,Bile Salts,27-APR-2020 00:00:00,10-MAR-2005 00:00:00,27-APR-2020 00:00:00,1540,,ENG,06-APR-2020 00:00:00,,RXNORM_19AB_200406F,1540,RXNORM,IN,1540,
47341,A10334775,Biloptin,19-JUL-2018 00:00:00,10-MAR-2005 00:00:00,18-JUL-2018 00:00:00,1552,,ENG,02-JUL-2018 00:00:00,,RXNORM_18AA_180702F,1552,RXNORM,BN,1552,
47502,A10334777,Bioflavonoids,11-MAY-2017 00:00:00,10-MAR-2005 00:00:00,26-APR-2017 00:00:00,1562,,ENG,01-MAY-2017 00:00:00,,RXNORM_17AA_170501F,1562,RXNORM,IN,1562,
48131,A10334781,Biotin,27-APR-2020 00:00:00,10-MAR-2005 00:00:00,27-APR-2020 00:00:00,1588,,ENG,06-APR-2020 00:00:00,,RXNORM_19AB_200406F,1588,RXNORM,IN,1588,
48208,A10334782,Biperiden,27-APR-2020 00:00:00,10-MAR-2005 00:00:00,27-APR-2020 00:00:00,1589,,ENG,06-APR-2020 00:00:00,,RXNORM_19AB_200406F,1589,RXNORM,IN,1589,
48725,A10334783,Bisacodyl,27-APR-2020 00:00:00,10-MAR-2005 00:00:00,27-APR-2020 00:00:00,1596,,ENG,06-APR-2020 00:00:00,,RXNORM_19AB_200406F,1596,RXNORM,IN,1596,
48772,A10334491,Dicumarol,27-APR-2020 00:00:00,10-MAR-2005 00:00:00,27-APR-2020 00:00:00,1598,,ENG,06-APR-2020 00:00:00,,RXNORM_19AB_200406F,1598,RXNORM,IN,1598,
48824,A2028737,Bromhexine Monohydrochloride,26-JUL-2005 00:00:00,10-MAR-2005 00:00:00,27-APR-2020 00:00:00,1601,,ENG,,,RXNORM_05AA_050617F,1601,RXNORM,IN,1601,
48827,A0538530,Bromhexine Hydrochloride,15-MAR-2005 00:00:00,10-MAR-2005 00:00:00,27-APR-2020 00:00:00,1601,,ENG,,,RXNORM_04AC_050224F,1601,RXNORM,IN,1601,
49600,A16793038,Bleomycin Sulfate,27-APR-2020 00:00:00,10-MAR-2005 00:00:00,27-APR-2020 00:00:00,1621,,ENG,06-APR-2020 00:00:00,,RXNORM_19AB_200406F,1621,RXNORM,PIN,1621,
49620,A10334786,Bleomycin,27-APR-2020 00:00:00,10-MAR-2005 00:00:00,27-APR-2020 00:00:00,1622,,ENG,06-APR-2020 00:00:00,,RXNORM_19AB_200406F,1622,RXNORM,IN,1622,
52592,A10334790,Boron,27-APR-2020 00:00:00,10-MAR-2005 00:00:00,27-APR-2020 00:00:00,1705,,ENG,06-APR-2020 00:00:00,,RXNORM_19AB_200406F,1705,RXNORM,IN,1705,
52760,A10334791,Botulinum Toxin Type A,27-APR-2020 00:00:00,10-MAR-2005 00:00:00,27-APR-2020 00:00:00,1712,,ENG,06-APR-2020 00:00:00,,RXNORM_19AB_200406F,1712,RXNORM,IN,1712,
53551,A16788028,Bretylium Tosylate,27-APR-2020 00:00:00,10-MAR-2005 00:00:00,27-APR-2020 00:00:00,1737,,ENG,06-APR-2020 00:00:00,,RXNORM_19AB_200406F,1737,RXNORM,PIN,1737,
53751,A10334800,Bromazepam,27-APR-2020 00:00:00,10-MAR-2005 00:00:00,27-APR-2020 00:00:00,1749,,ENG,06-APR-2020 00:00:00,,RXNORM_19AB_200406F,1749,RXNORM,IN,1749,
53820,A10334801,Bromelains,27-APR-2020 00:00:00,10-MAR-2005 00:00:00,27-APR-2020 00:00:00,1752,,ENG,06-APR-2020 00:00:00,,RXNORM_19AB_200406F,1752,RXNORM,IN,1752,
53876,A10334802,Bromhexine,27-APR-2020 00:00:00,10-MAR-2005 00:00:00,27-APR-2020 00:00:00,1753,,ENG,06-APR-2020 00:00:00,,RXNORM_19AB_200406F,1753,RXNORM,IN,1753,
54017,A10334803,Bromocriptine,27-APR-2020 00:00:00,10-MAR-2005 00:00:00,27-APR-2020 00:00:00,1760,,ENG,06-APR-2020 00:00:00,,RXNORM_19AB_200406F,1760,RXNORM,IN,1760,
54282,A10334804,Brompheniramine,27-APR-2020 00:00:00,10-MAR-2005 00:00:00,27-APR-2020 00:00:00,1767,,ENG,06-APR-2020 00:00:00,,RXNORM_19AB_200406F,1767,RXNORM,IN,1767,
55230,A10334808,Bufexamac,27-APR-2020 00:00:00,10-MAR-2005 00:00:00,27-APR-2020 00:00:00,1796,,ENG,06-APR-2020 00:00:00,,RXNORM_19AB_200406F,1796,RXNORM,IN,1796,
55608,A10334809,Bumetanide,27-APR-2020 00:00:00,10-MAR-2005 00:00:00,27-APR-2020 00:00:00,1808,,ENG,06-APR-2020 00:00:00,,RXNORM_19AB_200406F,1808,RXNORM,IN,1808,
55764,A10335678,Levobunolol,27-APR-2020 00:00:00,10-MAR-2005 00:00:00,27-APR-2020 00:00:00,1813,,ENG,06-APR-2020 00:00:00,,RXNORM_19AB_200406F,1813,RXNORM,IN,1813,
55791,A10334810,Bupivacaine,27-APR-2020 00:00:00,10-MAR-2005 00:00:00,27-APR-2020 00:00:00,1815,,ENG,06-APR-2020 00:00:00,,RXNORM_19AB_200406F,1815,RXNORM,IN,1815,
55829,A10334811,Bupranolol,27-APR-2020 00:00:00,10-MAR-2005 00:00:00,27-APR-2020 00:00:00,1817,,ENG,06-APR-2020 00:00:00,,RXNORM_19AB_200406F,1817,RXNORM,IN,1817,
55845,A0123925,Temgesic,15-MAR-2005 00:00:00,10-MAR-2005 00:00:00,15-MAR-2005 00:00:00,1818,,ENG,,,RXNORM_04AC_050224F,1818,RXNORM,BN,1818,
55863,A10334813,Buprenorphine,27-APR-2020 00:00:00,10-MAR-2005 00:00:00,27-APR-2020 00:00:00,1819,,ENG,06-APR-2020 00:00:00,,RXNORM_19AB_200406F,1819,RXNORM,IN,1819,
56333,A10334817,Buserelin,27-APR-2020 00:00:00,10-MAR-2005 00:00:00,27-APR-2020 00:00:00,1825,,ENG,06-APR-2020 00:00:00,,RXNORM_19AB_200406F,1825,RXNORM,IN,1825,
56369,A10334820,Buspirone,27-APR-2020 00:00:00,10-MAR-2005 00:00:00,27-APR-2020 00:00:00,1827,,ENG,06-APR-2020 00:00:00,,RXNORM_19AB_200406F,1827,RXNORM,IN,1827,
56405,A10334821,Busulfan,27-APR-2020 00:00:00,10-MAR-2005 00:00:00,27-APR-2020 00:00:00,1828,,ENG,06-APR-2020 00:00:00,,RXNORM_19AB_200406F,1828,RXNORM,IN,1828,
56592,A10334825,Butorphanol,27-APR-2020 00:00:00,10-MAR-2005 00:00:00,27-APR-2020 00:00:00,1841,,ENG,06-APR-2020 00:00:00,,RXNORM_19AB_200406F,1841,RXNORM,IN,1841,
56745,A10334827,Butylated Hydroxytoluene,27-APR-2020 00:00:00,10-MAR-2005 00:00:00,27-APR-2020 00:00:00,1848,,ENG,06-APR-2020 00:00:00,,RXNORM_19AB_200406F,1848,RXNORM,IN,1848,
56826,A16791823,Butylscopolammonium Bromide,25-MAY-2011 00:00:00,10-MAR-2005 00:00:00,25-MAY-2011 00:00:00,1851,,ENG,02-MAY-2011 00:00:00,,RXNORM_10AB_110502F,1851,RXNORM,PIN,1851,
56842,A1700487,BUTYLSCOPOLAMINE BROMIDE,15-MAR-2005 00:00:00,10-MAR-2005 00:00:00,25-MAY-2011 00:00:00,1851,,ENG,,,RXNORM_04AC_050224F,1851,RXNORM,IN,1851,
57629,A10334486,Caffeine,27-APR-2020 00:00:00,10-MAR-2005 00:00:00,27-APR-2020 00:00:00,1886,,ENG,06-APR-2020 00:00:00,,RXNORM_19AB_200406F,1886,RXNORM,IN,1886,
57704,A10334831,Calcifediol,27-APR-2020 00:00:00,10-MAR-2005 00:00:00,27-APR-2020 00:00:00,1889,,ENG,06-APR-2020 00:00:00,,RXNORM_19AB_200406F,1889,RXNORM,IN,1889,
57902,A10334832,Calcitriol,27-APR-2020 00:00:00,10-MAR-2005 00:00:00,27-APR-2020 00:00:00,1894,,ENG,06-APR-2020 00:00:00,,RXNORM_19AB_200406F,1894,RXNORM,IN,1894,
58013,A10334833,Calcium,27-APR-2020 00:00:00,10-MAR-2005 00:00:00,27-APR-2020 00:00:00,1895,,ENG,06-APR-2020 00:00:00,,RXNORM_19AB_200406F,1895,RXNORM,IN,1895,
58091,A10334834,Calcium Carbonate,27-APR-2020 00:00:00,10-MAR-2005 00:00:00,27-APR-2020 00:00:00,1897,,ENG,06-APR-2020 00:00:00,,RXNORM_19AB_200406F,1897,RXNORM,IN,1897,
58288,A10334835,Calcium Chloride,27-APR-2020 00:00:00,10-MAR-2005 00:00:00,27-APR-2020 00:00:00,1901,,ENG,06-APR-2020 00:00:00,,RXNORM_19AB_200406F,1901,RXNORM,IN,1901,
58326,A0034003,Calcium Cyanamide,26-JUL-2005 00:00:00,10-MAR-2005 00:00:00,27-APR-2020 00:00:00,1902,,ENG,,,RXNORM_05AA_050617F,1902,RXNORM,IN,1902,
58348,A0052754,Edetate Disodium Calcium,26-JUL-2005 00:00:00,10-MAR-2005 00:00:00,31-MAR-2009 00:00:00,1903,,ENG,,,RXNORM_05AA_050617F,1903,RXNORM,IN,1903,
58398,A16791824,Calcium Dobesilate,27-APR-2020 00:00:00,10-MAR-2005 00:00:00,27-APR-2020 00:00:00,1904,,ENG,06-APR-2020 00:00:00,,RXNORM_19AB_200406F,1904,RXNORM,PIN,1904,
58427,A10334839,Calcium Fluoride,27-APR-2020 00:00:00,10-MAR-2005 00:00:00,27-APR-2020 00:00:00,1905,,ENG,06-APR-2020 00:00:00,,RXNORM_19AB_200406F,1905,RXNORM,IN,1905,
58448,A10334840,Calcium Glucarate,27-APR-2020 00:00:00,10-MAR-2005 00:00:00,27-APR-2020 00:00:00,1907,,ENG,06-APR-2020 00:00:00,,RXNORM_19AB_200406F,1907,RXNORM,IN,1907,
58455,A10334841,Calcium Gluconate,27-APR-2020 00:00:00,10-MAR-2005 00:00:00,27-APR-2020 00:00:00,1908,,ENG,06-APR-2020 00:00:00,,RXNORM_19AB_200406F,1908,RXNORM,IN,1908,
58495,A10334842,Calcium Glycerophosphate,27-APR-2020 00:00:00,10-MAR-2005 00:00:00,27-APR-2020 00:00:00,1909,,ENG,06-APR-2020 00:00:00,,RXNORM_19AB_200406F,1909,RXNORM,IN,1909,
58514,A0034031,Calcium Hydroxide,26-JUL-2005 00:00:00,10-MAR-2005 00:00:00,26-JUL-2005 00:00:00,1910,,ENG,,,RXNORM_05AA_050617F,1910,RXNORM,IN,1910,
58548,A16794278,Calcium Ipodate,27-APR-2020 00:00:00,10-MAR-2005 00:00:00,27-APR-2020 00:00:00,1911,,ENG,06-APR-2020 00:00:00,,RXNORM_19AB_200406F,1911,RXNORM,PIN,1911,
58681,A16791825,Calcium Pantothenate,27-APR-2020 00:00:00,10-MAR-2005 00:00:00,27-APR-2020 00:00:00,1918,,ENG,06-APR-2020 00:00:00,,RXNORM_19AB_200406F,1918,RXNORM,PIN,1918,
58801,A10334845,Calcium Sulfate,27-APR-2020 00:00:00,10-MAR-2005 00:00:00,27-APR-2020 00:00:00,1925,,ENG,06-APR-2020 00:00:00,,RXNORM_19AB_200406F,1925,RXNORM,IN,1925,
58849,A16796727,Calcium Valproate,27-APR-2020 00:00:00,10-MAR-2005 00:00:00,27-APR-2020 00:00:00,1927,,ENG,06-APR-2020 00:00:00,,RXNORM_19AB_200406F,1927,RXNORM,PIN,1927,
59209,A10334848,Cambendazole,27-APR-2020 00:00:00,10-MAR-2005 00:00:00,27-APR-2020 00:00:00,1951,,ENG,06-APR-2020 00:00:00,,RXNORM_19AB_200406F,1951,RXNORM,IN,1951,
59230,A10334850,Camphor,27-APR-2020 00:00:00,10-MAR-2005 00:00:00,27-APR-2020 00:00:00,1952,,ENG,06-APR-2020 00:00:00,,RXNORM_19AB_200406F,1952,RXNORM,IN,1952,
60576,A16791826,Canrenoate Potassium,27-APR-2020 00:00:00,10-MAR-2005 00:00:00,27-APR-2020 00:00:00,1981,,ENG,06-APR-2020 00:00:00,,RXNORM_19AB_200406F,1981,RXNORM,PIN,1981,
60612,A10334855,Cantharidin,27-APR-2020 00:00:00,10-MAR-2005 00:00:00,27-APR-2020 00:00:00,1984,,ENG,06-APR-2020 00:00:00,,RXNORM_19AB_200406F,1984,RXNORM,IN,1984,
60713,A16793040,Capreomycin Sulfate,27-APR-2020 00:00:00,10-MAR-2005 00:00:00,27-APR-2020 00:00:00,1987,,ENG,06-APR-2020 00:00:00,,RXNORM_19AB_200406F,1987,RXNORM,PIN,1987,
60806,A10334859,Capsaicin,27-APR-2020 00:00:00,10-MAR-2005 00:00:00,27-APR-2020 00:00:00,1992,,ENG,06-APR-2020 00:00:00,,RXNORM_19AB_200406F,1992,RXNORM,IN,1992,
60976,A10334860,Captopril,27-APR-2020 00:00:00,10-MAR-2005 00:00:00,27-APR-2020 00:00:00,1998,,ENG,06-APR-2020 00:00:00,,RXNORM_19AB_200406F,1998,RXNORM,IN,1998,
61021,A10334862,Carbachol,27-APR-2020 00:00:00,10-MAR-2005 00:00:00,27-APR-2020 00:00:00,1999,,ENG,06-APR-2020 00:00:00,,RXNORM_19AB_200406F,1999,RXNORM,IN,1999,
61130,A10334863,Carbamazepine,27-APR-2020 00:00:00,10-MAR-2005 00:00:00,27-APR-2020 00:00:00,2002,,ENG,06-APR-2020 00:00:00,,RXNORM_19AB_200406F,2002,RXNORM,IN,2002,
61394,A10334866,Carbenicillin,27-APR-2020 00:00:00,10-MAR-2005 00:00:00,27-APR-2020 00:00:00,2015,,ENG,06-APR-2020 00:00:00,,RXNORM_19AB_200406F,2015,RXNORM,IN,2015,
61438,A10334868,Carbenoxolone,27-APR-2020 00:00:00,10-MAR-2005 00:00:00,27-APR-2020 00:00:00,2017,,ENG,06-APR-2020 00:00:00,,RXNORM_19AB_200406F,2017,RXNORM,IN,2017,
61471,A2366210,Glycyrrhetinic Acid 3-O-hemisuccinate,15-MAR-2005 00:00:00,10-MAR-2005 00:00:00,27-APR-2020 00:00:00,2018,,ENG,,,RXNORM_04AC_050224F,2018,RXNORM,IN,2018,
61476,A16795515,Carbenoxolone Sodium,27-APR-2020 00:00:00,10-MAR-2005 00:00:00,27-APR-2020 00:00:00,2018,,ENG,06-APR-2020 00:00:00,,RXNORM_19AB_200406F,2018,RXNORM,PIN,2018,
61496,A10334870,Carbidopa,27-APR-2020 00:00:00,10-MAR-2005 00:00:00,27-APR-2020 00:00:00,2019,,ENG,06-APR-2020 00:00:00,,RXNORM_19AB_200406F,2019,RXNORM,IN,2019,
61547,A10334871,Carbimazole,27-APR-2020 00:00:00,10-MAR-2005 00:00:00,27-APR-2020 00:00:00,2020,,ENG,06-APR-2020 00:00:00,,RXNORM_19AB_200406F,2020,RXNORM,IN,2020,
61585,A10334873,Carbocysteine,27-APR-2020 00:00:00,10-MAR-2005 00:00:00,27-APR-2020 00:00:00,2023,,ENG,06-APR-2020 00:00:00,,RXNORM_19AB_200406F,2023,RXNORM,IN,2023,
61823,A10334874,Carbon Dioxide,27-APR-2020 00:00:00,10-MAR-2005 00:00:00,27-APR-2020 00:00:00,2034,,ENG,06-APR-2020 00:00:00,,RXNORM_19AB_200406F,2034,RXNORM,IN,2034,
61939,A10334875,Carbon Monoxide,27-APR-2020 00:00:00,10-MAR-2005 00:00:00,27-APR-2020 00:00:00,2037,,ENG,06-APR-2020 00:00:00,,RXNORM_19AB_200406F,2037,RXNORM,IN,2037,
62303,A10334877,Carboprost,27-APR-2020 00:00:00,10-MAR-2005 00:00:00,27-APR-2020 00:00:00,2051,,ENG,06-APR-2020 00:00:00,,RXNORM_19AB_200406F,2051,RXNORM,IN,2051,
62502,A10334878,Carboxymethylcellulose,27-APR-2020 00:00:00,10-MAR-2005 00:00:00,24-NOV-2020 00:00:00,2062,,ENG,06-APR-2020 00:00:00,,RXNORM_19AB_200406F,2062,RXNORM,IN,2062,
62509,A5065233,Carboxymethylcellulose Sodium,15-MAR-2005 00:00:00,10-MAR-2005 00:00:00,24-NOV-2020 00:00:00,2062,,ENG,,,RXNORM_04AC_050224F,2062,RXNORM,IN,2062,
62528,A2865738,Carmellose sodium,15-MAR-2005 00:00:00,10-MAR-2005 00:00:00,24-NOV-2020 00:00:00,2062,,ENG,,,RXNORM_04AC_050224F,2062,RXNORM,IN,2062,
62531,A1700530,CARBOXYMETHYL CELLULOSE SODIUM,15-MAR-2005 00:00:00,10-MAR-2005 00:00:00,24-NOV-2020 00:00:00,2062,,ENG,,,RXNORM_04AC_050224F,2062,RXNORM,IN,2062,
62648,A10334879,Carbutamide,27-APR-2020 00:00:00,10-MAR-2005 00:00:00,27-APR-2020 00:00:00,2068,,ENG,06-APR-2020 00:00:00,,RXNORM_19AB_200406F,2068,RXNORM,IN,2068,
64480,A10334881,Carisoprodol,27-APR-2020 00:00:00,10-MAR-2005 00:00:00,27-APR-2020 00:00:00,2101,,ENG,06-APR-2020 00:00:00,,RXNORM_19AB_200406F,2101,RXNORM,IN,2101,
64586,A10334883,Carmustine,27-APR-2020 00:00:00,10-MAR-2005 00:00:00,27-APR-2020 00:00:00,2105,,ENG,06-APR-2020 00:00:00,,RXNORM_19AB_200406F,2105,RXNORM,IN,2105,
64643,A10334884,Carnitine,27-APR-2020 00:00:00,10-MAR-2005 00:00:00,27-APR-2020 00:00:00,2106,,ENG,06-APR-2020 00:00:00,,RXNORM_19AB_200406F,2106,RXNORM,IN,2106,
64934,A10334885,Carteolol,27-APR-2020 00:00:00,10-MAR-2005 00:00:00,27-APR-2020 00:00:00,2116,,ENG,06-APR-2020 00:00:00,,RXNORM_19AB_200406F,2116,RXNORM,IN,2116,
64967,A1997431,articaine hydrochloride,15-MAR-2005 00:00:00,10-MAR-2005 00:00:00,27-APR-2020 00:00:00,2117,,ENG,,,RXNORM_04AC_050224F,2117,RXNORM,IN,2117,
64973,A0035530,Carticaine,15-MAR-2005 00:00:00,10-MAR-2005 00:00:00,27-APR-2020 00:00:00,2117,,ENG,,,RXNORM_04AC_050224F,2117,RXNORM,IN,2117,
64978,A5064515,Articaine hydrochloride (product),15-MAR-2005 00:00:00,10-MAR-2005 00:00:00,27-APR-2020 00:00:00,2117,,ENG,,,RXNORM_04AC_050224F,2117,RXNORM,IN,2117,
65322,A10334888,Castor Oil,27-APR-2020 00:00:00,10-MAR-2005 00:00:00,27-APR-2020 00:00:00,2129,,ENG,06-APR-2020 00:00:00,,RXNORM_19AB_200406F,2129,RXNORM,IN,2129,
65597,A10338690,CATALASE,27-APR-2020 00:00:00,10-MAR-2005 00:00:00,27-APR-2020 00:00:00,2133,,ENG,06-APR-2020 00:00:00,,RXNORM_19AB_200406F,2133,RXNORM,IN,2133,
66607,A10334893,Cefaclor,27-APR-2020 00:00:00,10-MAR-2005 00:00:00,27-APR-2020 00:00:00,2176,,ENG,06-APR-2020 00:00:00,,RXNORM_19AB_200406F,2176,RXNORM,IN,2176,
66646,A10334894,Cefadroxil,27-APR-2020 00:00:00,10-MAR-2005 00:00:00,27-APR-2020 00:00:00,2177,,ENG,06-APR-2020 00:00:00,,RXNORM_19AB_200406F,2177,RXNORM,IN,2177,
66683,A10334896,Cefamandole,27-APR-2020 00:00:00,10-MAR-2005 00:00:00,27-APR-2020 00:00:00,2178,,ENG,06-APR-2020 00:00:00,,RXNORM_19AB_200406F,2178,RXNORM,IN,2178,
66722,A10334897,Cefatrizine,27-APR-2020 00:00:00,10-MAR-2005 00:00:00,27-APR-2020 00:00:00,2179,,ENG,06-APR-2020 00:00:00,,RXNORM_19AB_200406F,2179,RXNORM,IN,2179,
66747,A10334898,Cefazolin,27-APR-2020 00:00:00,10-MAR-2005 00:00:00,27-APR-2020 00:00:00,2180,,ENG,06-APR-2020 00:00:00,,RXNORM_19AB_200406F,2180,RXNORM,IN,2180,
66809,A10334900,Cefmetazole,27-APR-2020 00:00:00,10-MAR-2005 00:00:00,27-APR-2020 00:00:00,2182,,ENG,06-APR-2020 00:00:00,,RXNORM_19AB_200406F,2182,RXNORM,IN,2182,
66841,A10334902,Cefonicid,27-APR-2020 00:00:00,10-MAR-2005 00:00:00,27-APR-2020 00:00:00,2183,,ENG,06-APR-2020 00:00:00,,RXNORM_19AB_200406F,2183,RXNORM,IN,2183,
66870,A10334903,Cefoperazone,27-APR-2020 00:00:00,10-MAR-2005 00:00:00,27-APR-2020 00:00:00,2184,,ENG,06-APR-2020 00:00:00,,RXNORM_19AB_200406F,2184,RXNORM,IN,2184,
66901,A0036253,Ceftotan,10-MAY-2006 00:00:00,10-MAR-2005 00:00:00,10-MAY-2006 00:00:00,2185,,ENG,,,RXNORM_06AA_060406F,2185,RXNORM,BN,2185,
66908,A10334905,Cefotaxime,27-APR-2020 00:00:00,10-MAR-2005 00:00:00,27-APR-2020 00:00:00,2186,,ENG,06-APR-2020 00:00:00,,RXNORM_19AB_200406F,2186,RXNORM,IN,2186,
66947,A10334906,Cefotetan,27-APR-2020 00:00:00,10-MAR-2005 00:00:00,27-APR-2020 00:00:00,2187,,ENG,06-APR-2020 00:00:00,,RXNORM_19AB_200406F,2187,RXNORM,IN,2187,
66981,A10334907,Cefotiam,27-APR-2020 00:00:00,10-MAR-2005 00:00:00,27-APR-2020 00:00:00,2188,,ENG,06-APR-2020 00:00:00,,RXNORM_19AB_200406F,2188,RXNORM,IN,2188,
67003,A10334908,Cefoxitin,27-APR-2020 00:00:00,10-MAR-2005 00:00:00,27-APR-2020 00:00:00,2189,,ENG,06-APR-2020 00:00:00,,RXNORM_19AB_200406F,2189,RXNORM,IN,2189,
67036,A10334909,Cefsulodin,27-APR-2020 00:00:00,10-MAR-2005 00:00:00,27-APR-2020 00:00:00,2190,,ENG,06-APR-2020 00:00:00,,RXNORM_19AB_200406F,2190,RXNORM,IN,2190,
67065,A10334910,Ceftazidime,27-APR-2020 00:00:00,10-MAR-2005 00:00:00,27-APR-2020 00:00:00,2191,,ENG,06-APR-2020 00:00:00,,RXNORM_19AB_200406F,2191,RXNORM,IN,2191,
67099,A10334911,Ceftizoxime,27-APR-2020 00:00:00,10-MAR-2005 00:00:00,27-APR-2020 00:00:00,2192,,ENG,06-APR-2020 00:00:00,,RXNORM_19AB_200406F,2192,RXNORM,IN,2192,
67131,A10334912,Ceftriaxone,27-APR-2020 00:00:00,10-MAR-2005 00:00:00,27-APR-2020 00:00:00,2193,,ENG,06-APR-2020 00:00:00,,RXNORM_19AB_200406F,2193,RXNORM,IN,2193,
67167,A10334913,Cefuroxime,27-APR-2020 00:00:00,10-MAR-2005 00:00:00,27-APR-2020 00:00:00,2194,,ENG,06-APR-2020 00:00:00,,RXNORM_19AB_200406F,2194,RXNORM,IN,2194,
67926,A10361199,CELLULASE,27-APR-2020 00:00:00,10-MAR-2005 00:00:00,27-APR-2020 00:00:00,2219,,ENG,06-APR-2020 00:00:00,,RXNORM_19AB_200406F,2219,RXNORM,IN,2219,
67928,A0036601,Cellulase,15-MAR-2005 00:00:00,10-MAR-2005 00:00:00,27-APR-2020 00:00:00,2219,,ENG,,,RXNORM_04AC_050224F,2219,RXNORM,IN,2219,
68040,A10334915,Cellulose,27-APR-2020 00:00:00,10-MAR-2005 00:00:00,27-APR-2020 00:00:00,2221,,ENG,06-APR-2020 00:00:00,,RXNORM_19AB_200406F,2221,RXNORM,IN,2221,
68079,A10334916,"Cellulose, Oxidized",07-OCT-2015 00:00:00,10-MAR-2005 00:00:00,28-SEP-2015 00:00:00,2222,,ENG,05-OCT-2015 00:00:00,,RXNORM_15AA_151005F,2222,RXNORM,IN,2222,
68249,A10335764,Meclofenoxate,27-APR-2020 00:00:00,10-MAR-2005 00:00:00,27-APR-2020 00:00:00,2228,,ENG,06-APR-2020 00:00:00,,RXNORM_19AB_200406F,2228,RXNORM,IN,2228,
68289,A10334919,Cephalexin,27-APR-2020 00:00:00,10-MAR-2005 00:00:00,27-APR-2020 00:00:00,2231,,ENG,06-APR-2020 00:00:00,,RXNORM_19AB_200406F,2231,RXNORM,IN,2231,
68362,A10334920,Cephaloridine,27-APR-2020 00:00:00,10-MAR-2005 00:00:00,27-APR-2020 00:00:00,2233,,ENG,06-APR-2020 00:00:00,,RXNORM_19AB_200406F,2233,RXNORM,IN,2233,
68439,A10334921,Cephalothin,27-APR-2020 00:00:00,10-MAR-2005 00:00:00,27-APR-2020 00:00:00,2236,,ENG,06-APR-2020 00:00:00,,RXNORM_19AB_200406F,2236,RXNORM,IN,2236,
68507,A10334922,Cephapirin,27-APR-2020 00:00:00,10-MAR-2005 00:00:00,27-APR-2020 00:00:00,2238,,ENG,06-APR-2020 00:00:00,,RXNORM_19AB_200406F,2238,RXNORM,IN,2238,
68541,A10334923,Cephradine,27-APR-2020 00:00:00,10-MAR-2005 00:00:00,27-APR-2020 00:00:00,2239,,ENG,06-APR-2020 00:00:00,,RXNORM_19AB_200406F,2239,RXNORM,IN,2239,
68634,A10334924,Ceramides,27-APR-2020 00:00:00,10-MAR-2005 00:00:00,27-APR-2020 00:00:00,2243,,ENG,06-APR-2020 00:00:00,,RXNORM_19AB_200406F,2243,RXNORM,IN,2243,
70295,A10334926,Cetrimides,27-APR-2020 00:00:00,10-MAR-2005 00:00:00,27-APR-2020 00:00:00,2284,,ENG,06-APR-2020 00:00:00,,RXNORM_19AB_200406F,2284,RXNORM,IN,2284,
70321,A10334927,Cetylpyridinium,27-APR-2020 00:00:00,10-MAR-2005 00:00:00,27-APR-2020 00:00:00,2286,,ENG,06-APR-2020 00:00:00,,RXNORM_19AB_200406F,2286,RXNORM,IN,2286,
70353,A16796728,Cetylpyridinium Chloride,27-APR-2020 00:00:00,10-MAR-2005 00:00:00,27-APR-2020 00:00:00,2287,,ENG,06-APR-2020 00:00:00,,RXNORM_19AB_200406F,2287,RXNORM,PIN,2287,
70575,A10334929,Charcoal,27-APR-2020 00:00:00,10-MAR-2005 00:00:00,27-APR-2020 00:00:00,2296,,ENG,06-APR-2020 00:00:00,,RXNORM_19AB_200406F,2296,RXNORM,IN,2296,
71274,A16791827,Chenodeoxycholic Acid,27-APR-2020 00:00:00,10-MAR-2005 00:00:00,27-APR-2020 00:00:00,2323,,ENG,06-APR-2020 00:00:00,,RXNORM_19AB_200406F,2323,RXNORM,PIN,2323,
71954,A16795517,Chloral Hydrate,27-APR-2020 00:00:00,10-MAR-2005 00:00:00,27-APR-2020 00:00:00,2344,,ENG,06-APR-2020 00:00:00,,RXNORM_19AB_200406F,2344,RXNORM,PIN,2344,
72042,A10334934,Chlorambucil,27-APR-2020 00:00:00,10-MAR-2005 00:00:00,27-APR-2020 00:00:00,2346,,ENG,06-APR-2020 00:00:00,,RXNORM_19AB_200406F,2346,RXNORM,IN,2346,
72105,A10334935,Chloramphenicol,27-APR-2020 00:00:00,10-MAR-2005 00:00:00,27-APR-2020 00:00:00,2348,,ENG,06-APR-2020 00:00:00,,RXNORM_19AB_200406F,2348,RXNORM,IN,2348,
72318,A10334937,Chlordiazepoxide,27-APR-2020 00:00:00,10-MAR-2005 00:00:00,27-APR-2020 00:00:00,2356,,ENG,06-APR-2020 00:00:00,,RXNORM_19AB_200406F,2356,RXNORM,IN,2356,
72397,A10334938,Chlorhexidine,27-APR-2020 00:00:00,10-MAR-2005 00:00:00,27-APR-2020 00:00:00,2358,,ENG,06-APR-2020 00:00:00,,RXNORM_19AB_200406F,2358,RXNORM,IN,2358,
72454,A16791828,Chlorhexidine Acetate,27-APR-2020 00:00:00,10-MAR-2005 00:00:00,27-APR-2020 00:00:00,2359,,ENG,06-APR-2020 00:00:00,,RXNORM_19AB_200406F,2359,RXNORM,PIN,2359,
72460,A16791829,Chlorhexidine Hydrochloride,27-APR-2020 00:00:00,10-MAR-2005 00:00:00,27-APR-2020 00:00:00,2361,,ENG,06-APR-2020 00:00:00,,RXNORM_19AB_200406F,2361,RXNORM,PIN,2361,
72579,A16791830,Chlormadinone Acetate,27-APR-2020 00:00:00,10-MAR-2005 00:00:00,27-APR-2020 00:00:00,2369,,ENG,06-APR-2020 00:00:00,,RXNORM_19AB_200406F,2369,RXNORM,PIN,2369,
72645,A10334943,Chlormethiazole,27-APR-2020 00:00:00,10-MAR-2005 00:00:00,27-APR-2020 00:00:00,2372,,ENG,06-APR-2020 00:00:00,,RXNORM_19AB_200406F,2372,RXNORM,IN,2372,
72676,A10334944,Chlormezanone,27-APR-2020 00:00:00,10-MAR-2005 00:00:00,27-APR-2020 00:00:00,2373,,ENG,06-APR-2020 00:00:00,,RXNORM_19AB_200406F,2373,RXNORM,IN,2373,
72785,A10334945,Chlorobutanol,27-APR-2020 00:00:00,10-MAR-2005 00:00:00,27-APR-2020 00:00:00,2378,,ENG,06-APR-2020 00:00:00,,RXNORM_19AB_200406F,2378,RXNORM,IN,2378,
72886,A10334946,Chloroguanide,26-OCT-2009 00:00:00,10-MAR-2005 00:00:00,27-APR-2020 00:00:00,2382,,ENG,05-OCT-2009 00:00:00,,RXNORM_09AA_091005F,2382,RXNORM,IN,2382,
73034,A10334948,Chlorophyll,27-APR-2020 00:00:00,10-MAR-2005 00:00:00,27-APR-2020 00:00:00,2388,,ENG,06-APR-2020 00:00:00,,RXNORM_19AB_200406F,2388,RXNORM,IN,2388,
73108,A10334949,Chloroquine,27-APR-2020 00:00:00,10-MAR-2005 00:00:00,27-APR-2020 00:00:00,2393,,ENG,06-APR-2020 00:00:00,,RXNORM_19AB_200406F,2393,RXNORM,IN,2393,
73216,A10334951,Chlorothiazide,27-APR-2020 00:00:00,10-MAR-2005 00:00:00,27-APR-2020 00:00:00,2396,,ENG,06-APR-2020 00:00:00,,RXNORM_19AB_200406F,2396,RXNORM,IN,2396,
